market,quarter,당월_매출_금액,매출_억
경동광성상가,20211,50295918075,502.95918075
경동광성상가,20212,45132331233,451.32331233
경동광성상가,20213,66666409719,666.66409719
경동광성상가,20214,72967031946,729.67031946
경동광성상가,20221,49643885925,496.43885925
경동광성상가,20222,52237551154,522.37551154
경동광성상가,20223,65295905303,652.95905303
경동광성상가,20224,65209713368,652.09713368
경동광성상가,20231,49610927999,496.10927999
경동광성상가,20232,50307602666,503.07602666
경동광성상가,20233,62238689054,622.38689054
경동광성상가,20234,78729189591,787.29189591
경동광성상가,20241,58423538712,584.23538712
경동광성상가,20242,61249726571,612.49726571
경동광성상가,20243,70475094440,704.7509444
경동광성상가,20244,89154196677,891.54196677
경동광성상가,20251,69562051349,695.62051349
경동광성상가,20252,68716292734,687.16292734
경동광성상가,20253,92993550858,929.93550858
경동광성상가,20254,111542581791,1115.42581791
경동시장,20211,52293909225,522.93909225
경동시장,20212,61738523415,617.38523415
경동시장,20213,78157368080,781.5736808
경동시장,20214,88614468158,886.14468158
경동시장,20221,64613855711,646.13855711
경동시장,20222,77468331966,774.68331966
경동시장,20223,79517161470,795.1716147
경동시장,20224,82093572655,820.93572655
경동시장,20231,68872002765,688.72002765
경동시장,20232,85316713115,853.16713115
경동시장,20233,84512661322,845.12661322
경동시장,20234,93079489336,930.79489336
경동시장,20241,81091397924,810.91397924
경동시장,20242,90143670358,901.43670358
경동시장,20243,84921055483,849.21055483
경동시장,20244,101582897106,1015.82897106
경동시장,20251,84172230487,841.72230487
경동시장,20252,99831035417,998.31035417
경동시장,20253,103426674972,1034.26674972
경동시장,20254,117716714111,1177.16714111
동서시장,20211,45213604273,452.13604273
동서시장,20212,43833070996,438.33070996
동서시장,20213,102266619545,1022.66619545
동서시장,20214,48055256822,480.55256822
동서시장,20221,50528773999,505.28773999
동서시장,20222,36816016743,368.16016743
동서시장,20223,73127955108,731.27955108
동서시장,20224,33274101814,332.74101814
동서시장,20231,53091423138,530.91423138
동서시장,20232,56831666972,568.31666972
동서시장,20233,114428121954,1144.28121954
동서시장,20234,72041646596,720.41646596
동서시장,20241,117479049965,1174.79049965
동서시장,20242,93826901562,938.26901562
동서시장,20243,129086526870,1290.8652687
동서시장,20244,93930385839,939.30385839
동서시장,20251,152941822421,1529.41822421
동서시장,20252,109319532586,1093.19532586
동서시장,20253,187049104287,1870.49104287
동서시장,20254,131180614292,1311.80614292
서울약령시장,20211,53124121915,531.24121915
서울약령시장,20212,59298323940,592.9832394
서울약령시장,20213,61167789300,611.677893
서울약령시장,20214,63685944566,636.85944566
서울약령시장,20221,48730067172,487.30067172
서울약령시장,20222,52247045844,522.47045844
서울약령시장,20223,56257685789,562.57685789
서울약령시장,20224,53236935708,532.36935708
서울약령시장,20231,50541639408,505.41639408
서울약령시장,20232,47290311472,472.90311472
서울약령시장,20233,52517466945,525.17466945
서울약령시장,20234,48668699280,486.6869928
서울약령시장,20241,45919229752,459.19229752
서울약령시장,20242,48617064668,486.17064668
서울약령시장,20243,48510110375,485.10110375
서울약령시장,20244,54580763932,545.80763932
서울약령시장,20251,50919966285,509.19966285
서울약령시장,20252,47139772995,471.39772995
서울약령시장,20253,57765601257,577.65601257
서울약령시장,20254,53895400155,538.95400155
청량리농수산물시장,20211,42033404628,420.33404628
청량리농수산물시장,20212,48294970921,482.94970921
청량리농수산물시장,20213,49869866577,498.69866577
청량리농수산물시장,20214,52245165298,522.45165298
청량리농수산물시장,20221,38972891683,389.72891683
청량리농수산물시장,20222,49916874874,499.16874874
청량리농수산물시장,20223,54923580329,549.23580329
청량리농수산물시장,20224,56078374551,560.78374551
청량리농수산물시장,20231,51407531694,514.07531694
청량리농수산물시장,20232,55923274242,559.23274242
청량리농수산물시장,20233,53817003758,538.17003758
청량리농수산물시장,20234,65907824815,659.07824815
청량리농수산물시장,20241,60910098688,609.10098688
청량리농수산물시장,20242,63133789077,631.33789077
청량리농수산물시장,20243,62838648037,628.38648037
청량리농수산물시장,20244,79887425317,798.87425317
청량리농수산물시장,20251,83756796753,837.56796753
청량리농수산물시장,20252,84548083188,845.48083188
청량리농수산물시장,20253,95794695101,957.94695101
청량리농수산물시장,20254,122534317651,1225.34317651
청량리수산시장,20211,11122158194,111.22158194
청량리수산시장,20212,11866090222,118.66090222
청량리수산시장,20213,14200435146,142.00435146
청량리수산시장,20214,18946429525,189.46429525
청량리수산시장,20221,16868199220,168.6819922
청량리수산시장,20222,18031312162,180.31312162
청량리수산시장,20223,16272064230,162.7206423
청량리수산시장,20224,23270931676,232.70931676
청량리수산시장,20231,21167120922,211.67120922
청량리수산시장,20232,21445418802,214.45418802
청량리수산시장,20233,25038750994,250.38750994
청량리수산시장,20234,33504633379,335.04633379
청량리수산시장,20241,31400718473,314.00718473
청량리수산시장,20242,28717851165,287.17851165
청량리수산시장,20243,27914701813,279.14701813
청량리수산시장,20244,39915819036,399.15819036
청량리수산시장,20251,38495399636,384.95399636
청량리수산시장,20252,34692089159,346.92089159
청량리수산시장,20253,39992433105,399.92433105
청량리수산시장,20254,52123144493,521.23144493
청량리전통시장,20211,8711422772,87.11422772
청량리전통시장,20212,9268781850,92.6878185
청량리전통시장,20213,9792636025,97.92636025
청량리전통시장,20214,10008944941,100.08944941
청량리전통시장,20221,9841527112,98.41527112
청량리전통시장,20222,10737884092,107.37884092
청량리전통시장,20223,10290713895,102.90713895
청량리전통시장,20224,11276133712,112.76133712
청량리전통시장,20231,12159872191,121.59872191
청량리전통시장,20232,13162500069,131.62500069
청량리전통시장,20233,12839563684,128.39563684
청량리전통시장,20234,13415516929,134.15516929
청량리전통시장,20241,15351542890,153.5154289
청량리전통시장,20242,16038508315,160.38508315
청량리전통시장,20243,14063518780,140.6351878
청량리전통시장,20244,15334068938,153.34068938
청량리전통시장,20251,16063095976,160.63095976
청량리전통시장,20252,16635256793,166.35256793
청량리전통시장,20253,16566894598,165.66894598
청량리전통시장,20254,17633759039,176.33759039
청량리종합시장,20211,121583373442,1215.83373442
청량리종합시장,20212,110956420149,1109.56420149
청량리종합시장,20213,136617447203,1366.17447203
청량리종합시장,20214,154386497437,1543.86497437
청량리종합시장,20221,154369962144,1543.69962144
청량리종합시장,20222,146521279353,1465.21279353
청량리종합시장,20223,171065693472,1710.65693472
청량리종합시장,20224,159713912277,1597.13912277
청량리종합시장,20231,151417554213,1514.17554213
청량리종합시장,20232,153531243087,1535.31243087
청량리종합시장,20233,170616605378,1706.16605378
청량리종합시장,20234,165169529803,1651.69529803
청량리종합시장,20241,181514879119,1815.14879119
청량리종합시장,20242,171574977763,1715.74977763
청량리종합시장,20243,181024048753,1810.24048753
청량리종합시장,20244,178905965332,1789.05965332
청량리종합시장,20251,196952256408,1969.52256408
청량리종합시장,20252,181472323159,1814.72323159
청량리종합시장,20253,201346952447,2013.46952447
청량리종합시장,20254,193137391924,1931.37391924
청량리청과물시장,20211,118790954216,1187.90954216
청량리청과물시장,20212,79992090347,799.92090347
청량리청과물시장,20213,139928899187,1399.28899187
청량리청과물시장,20214,92106623306,921.06623306
청량리청과물시장,20221,104524186408,1045.24186408
청량리청과물시장,20222,87459878123,874.59878123
청량리청과물시장,20223,130732309356,1307.32309356
청량리청과물시장,20224,92133230585,921.33230585
청량리청과물시장,20231,129106484945,1291.06484945
청량리청과물시장,20232,134423185174,1344.23185174
청량리청과물시장,20233,169269161021,1692.69161021
청량리청과물시장,20234,146908527270,1469.0852727
청량리청과물시장,20241,179716633616,1797.16633616
청량리청과물시장,20242,158809199725,1588.09199725
청량리청과물시장,20243,176803852545,1768.03852545
청량리청과물시장,20244,168769879008,1687.69879008
청량리청과물시장,20251,216445093331,2164.45093331
청량리청과물시장,20252,179180191685,1791.80191685
청량리청과물시장,20253,202013285966,2020.13285966
청량리청과물시장,20254,197642358342,1976.42358342
