code,y21,y25,dsale,dong,dpop
3130001,31080706672.0,37294715973.0,0.1822643912570806,11110515,-0.049540912628473814
3130002,47921111086.0,69585761144.0,0.3730038253392268,11110530,-0.15665731705783048
3130004,12365253356.0,12268292148.0,-0.007872330739933035,11110615,0.158086229932861
3130005,5937350470.0,6212984402.0,0.0453783754923569,11110615,0.158086229932861
3130007,86791169543.0,104671499842.0,0.18732198989288382,11110615,0.158086229932861
3130009,1193569912.0,2532595223.0,0.7522958144538519,11110630,-0.17447236715664438
3130010,64832587529.0,61748979621.0,-0.04873091990020365,11110630,-0.17447236715664438
3130012,6107687544.0,5211126022.0,-0.15875227136510078,11110630,-0.17447236715664438
3130013,21657839963.0,22204631943.0,0.024933401295650148,11110670,-0.12889709990613532
3130014,13662372112.0,19254832040.0,0.34311655135322217,11110670,-0.12889709990613532
3130015,21179993308.0,21744019355.0,0.02628172332424326,11110680,-0.2585201442546236
3130016,4013091938.0,4001935249.0,-0.002783944694231339,11110670,-0.12889709990613532
3130018,139909797362.0,109901105832.0,-0.24141698687422322,11110670,-0.12889709990613532
3130020,6473558201.0,13214090201.0,0.7135577886232554,11110710,-0.15343702481387764
3130022,15870711596.0,16641592923.0,0.0474297867565513,11140540,0.006845703301819182
3130024,407855832127.0,525405273950.0,0.25325615584162,11140540,0.006845703301819182
3130025,33207004871.0,43825495617.0,0.27745489598753775,11140540,0.006845703301819182
3130031,38004732641.0,15255317084.0,-0.912782591624623,11140605,-0.06789524786286577
3130032,21369084170.0,31232701591.0,0.37952046128955347,11140590,0.046741748144527716
3130033,126982694720.0,72799000958.0,-0.556348583122749,11140605,-0.06789524786286577
3130035,186614700588.0,166591200464.0,-0.11350315660186733,11140605,-0.06789524786286577
3130036,185214471861.0,281593117704.0,0.41894872305641156,11140590,0.046741748144527716
3130042,42495536238.0,46296442371.0,0.08566607878039119,11140635,-0.14768746490968532
3130046,350738139.0,59128312308.0,5.127425244045222,11140615,-0.15739297086508142
3130047,16759122795.0,11786270710.0,-0.35200739955525806,11140615,-0.15739297086508142
3130048,41131222584.0,45639704834.0,0.10401055103449203,11140615,-0.15739297086508142
3130049,6865595984.0,9042328175.0,0.27539383241855353,11140615,-0.15739297086508142
3130050,1063122673.0,6467092166.0,1.805516078767008,11140615,-0.15739297086508142
3130051,25836509533.0,15312622328.0,-0.5231111127576347,11140665,0.2723513781908484
3130052,136750652934.0,139904571881.0,0.022801344827750886,11140670,0.03835919957607417
3130053,63358105180.0,63220296376.0,-0.002177446653695238,11140650,-0.5336251390857814
3130054,20714603397.0,17579283501.0,-0.164117794712735,11140670,0.03835919957607417
3130055,14807321710.0,16899191926.0,0.13214403717977818,11140670,0.03835919957607417
3130056,77480707163.0,94633152062.0,0.19997889376009687,11170590,-0.17507645261563695
3130057,17862734000.0,15093315745.0,-0.16846466331879106,11170555,-0.013360693403673568
3130058,22422590241.0,18809965075.0,-0.17568215698938444,11170630,-0.11704478400317779
3130059,27115946805.0,24224964040.0,-0.1127383244510951,11170510,-0.0976782721821414
3130060,2152118765.0,4870989706.0,0.8168443125246682,11170520,-0.06805255959537806
3130061,13925943353.0,12790814334.0,-0.08502624564747338,11170650,0.07349884629798242
3130063,7568244037.0,12141541387.0,0.4726716680658276,11200615,-0.04810904171886188
3130064,16632958963.0,17752282446.0,0.0651278895600709,11200615,-0.04810904171886188
3130065,16402863356.0,18921694000.0,0.14285318003115502,11200520,0.06763968718513373
3130066,64117216464.0,80004355389.0,0.2213681601091096,11200560,0.48826318038824945
3130067,65383048108.0,82842465273.0,0.23667777391393877,11200535,-0.01597189625099026
3130068,23630238674.0,19432837285.0,-0.19556291289398953,11200540,-0.12543936773447775
3130069,41962074204.0,45454613273.0,0.07994810243391147,11200550,0.0690399333845111
3130070,59540838171.0,161180439757.0,0.995862048319962,11200660,-0.005711867518695152
3130071,372000000.0,372000000.0,0.0,11200690,0.13746706329332226
3130072,61973339586.0,79169840254.0,0.24489113553376562,11200790,-0.05094687219362065
3130073,34284943613.0,43273979930.0,0.2328452328963718,11200670,-0.06975399145523643
3130074,3871740271.0,4504576436.0,0.15138977738056972,11215847,0.07070849959015002
3130075,2182297579.0,2006003328.0,-0.08423390856089093,11215847,0.07070849959015002
3130076,7113168649.0,10275300350.0,0.36779518566066294,11215847,0.07070849959015002
3130078,12490319413.0,11030417726.0,-0.12429719295682609,11215710,0.09975799747731255
3130079,3450341587.0,3234022738.0,-0.06474644481501005,11215710,0.09975799747731255
3130081,31224300117.0,32543988431.0,0.0413960228050417,11215820,-0.03662622697501319
3130082,2226541316.0,1697341454.0,-0.2713862257029882,11215760,-0.07593191484797523
3130083,52547582397.0,76583712724.0,0.3766653360153414,11215740,-0.10423930673363656
3130084,13980080981.0,13394808264.0,-0.042766340524853466,11215770,-0.07815309906083755
3130086,237276179721.0,209720740692.0,-0.12344793844884401,11230545,-0.04517878298196523
3130087,235061690973.0,342814476732.0,0.3773414222001609,11230545,-0.04517878298196523
3130088,280804268878.0,405146654987.0,0.36659123804607924,11230545,-0.04517878298196523
3130089,56135113087.0,165303066393.0,1.0800190366638767,11230536,0.09958256141691477
3130090,523543738231.0,772908923938.0,0.38954064364100366,11230545,-0.04517878298196523
3130091,39979410119.0,71749785792.0,0.5848202945967165,11230545,-0.04517878298196523
3130092,192443407424.0,386633892693.0,0.697676108465944,11230545,-0.04517878298196523
3130093,239368551636.0,580491073586.0,0.8858700026700644,11230545,-0.04517878298196523
3130094,430818567056.0,795280929324.0,0.6130083790833665,11230545,-0.04517878298196523
3130095,37781785588.0,66899006406.0,0.5713569913545854,11230545,-0.04517878298196523
3130096,2546665163.0,3061660262.0,0.1841726140427229,11230600,-0.014394095893125824
3130097,28487216558.0,32200336310.0,0.1225214520806896,11230600,-0.014394095893125824
3130098,7679494757.0,9863694560.0,0.2503070421103313,11230710,-0.1691753419297141
3130099,10472050860.0,13954052085.0,0.2870600527748583,11230560,0.08137355677379902
3130100,14785477129.0,16636770481.0,0.11796991094917089,11230610,-0.08936486437991283
3130101,9166967912.0,8569137077.0,-0.0674395421835672,11230610,-0.08936486437991283
3130102,110472144.0,586888213.0,1.6700709651931722,11230750,-0.25373424615928475
3130103,1413581765.0,120000000.0,-2.466390278451501,11230720,0.10609540743130744
3130104,11958994082.0,16689707669.0,0.3333085840527039,11230660,0.09600009648283707
3130105,11079647490.0,6868167705.0,-0.4782125047771425,11260610,-0.07944898748876551
3130106,46439375554.0,48363091039.0,0.04058923052731416,11260520,-0.0899234379744409
3130107,2213273897.0,1916659925.0,-0.1438887719509448,11260590,-0.019474117882090487
3130108,523294728.0,678697982.0,0.26003139157354965,11260610,-0.07944898748876551
3130109,7251673079.0,9713132939.0,0.2922466692744307,11260620,-0.061777601256573625
3130110,48569895074.0,50040326191.0,0.02982530813197517,11260570,-0.2133532096506597
3130111,114029689214.0,133182440085.0,0.15526107203229852,11260565,-0.004912424298352131
3130112,29763433564.0,54365888077.0,0.6024563213269861,11260575,-0.05583482915350511
3130113,28562376921.0,37314705209.0,0.267297130951606,11260690,-0.24878701440356643
3130115,72111068655.0,73875207728.0,0.024169736999182716,11260655,0.1248233798249012
3130116,463547357.0,965130050.0,0.7333543067117,11260680,-0.04500648624870741
3130117,44722500045.0,45836541453.0,0.024604889637700293,11290640,-0.024302764240907344
3130118,4069659898.0,2854716655.0,-0.3545868398189899,11290650,-0.05632342367037678
3130119,1144811628.0,1674810332.0,0.38045981779741556,11290630,-0.07767034779016109
3130120,37883897032.0,68435868030.0,0.5913709322105546,11290555,0.025716446617419897
3130121,4512414803.0,5724902771.0,0.23799312280548662,11290660,0.016295871810618846
3130122,127589693.0,70451825.0,-0.5938904488798216,11290715,0.20749428816510565
3130123,2429302791.0,6214979737.0,0.9393581657195996,11290760,0.05382581480581231
3130125,9548531283.0,7355140148.0,-0.2609879416448423,11290770,0.1076766423405193
3130126,292539380.0,125091015.0,-0.8495576977368681,11290810,-0.07756696940581977
3130128,8314758715.0,8490187344.0,0.020878972326719085,11290810,-0.07756696940581977
3130129,15948322345.0,13017331023.0,-0.20307201635317124,11305645,-0.09693639119782822
3130131,7832381694.0,15579272056.0,0.6876746771432158,11305534,-0.0582295522003617
3130132,21568765837.0,18634855076.0,-0.1462124861984666,11305534,-0.0582295522003617
3130134,14899425304.0,17854604113.0,0.1809387664617003,11305575,-0.1710815372914575
3130140,32253037293.0,18033375799.0,-0.5813879664106286,11305555,-0.18837952417994827
3130143,9272990296.0,8088409378.0,-0.13667380942154309,11305545,-0.05839202284046598
3130144,1755140260.0,53188321.0,-3.4964652107622785,11320660,-0.059253821245591434
3130145,7225502737.0,12391357243.0,0.5393824185102317,11320680,0.04247366833770076
3130146,69827052476.0,66203009946.0,-0.053295576599788674,11320680,0.04247366833770076
3130147,31118200291.0,39351935206.0,0.2347522865961677,11320511,-0.1201732719657682
3130148,57871146042.0,62173280470.0,0.07170641389214387,11320700,-0.20617709872385673
3130149,35076527349.0,32773403465.0,-0.06791485378439946,11320512,0.0892205287321508
3130150,17670105066.0,22079668479.0,0.22278297443401746,11320513,-0.10965625442755292
3130151,1764502299.0,4287689043.0,0.8878792361308443,11320521,-0.00791470570422215
3130152,1528898170.0,1520372055.0,-0.005592247712267788,11320522,-0.1149505225004629
3130153,32444557736.0,43676481185.0,0.29727705245115826,11320514,-0.06078243163585641
3130154,3160825427.0,2279313223.0,-0.32695902495645207,11350695,-0.10305747514935375
3130157,38568628254.0,39314464961.0,0.01915330983597126,11350670,-0.3257505704881206
3130159,39578448469.0,44288282648.0,0.11243540248722589,11350595,-0.12482037303299551
3130160,1443942025.0,2964367408.0,0.7192867657942645,11380650,0.31972573658788095
3130161,2110669590.0,3375253577.0,0.4694652170498831,11380640,0.04013856054284009
3130162,835608800.0,48337747.0,-2.849947794156993,11380640,0.04013856054284009
3130163,43444298451.0,45556053165.0,0.047463883256038994,11380600,-0.005332837868514813
3130165,17567696532.0,29376345689.0,0.5141279908335865,11380600,-0.005332837868514813
3130166,2555183516.0,3779801314.0,0.3915473985168006,11380590,-0.08235869383519402
3130167,128192154903.0,142023020130.0,0.10245880964406204,11380551,-0.3990061431676442
3130168,53334798242.0,66075917381.0,0.21421535110288933,11380530,-0.14613690466408974
3130169,16078116098.0,11737075815.0,-0.3147063942184822,11380570,0.46772412278022024
3130170,45321813482.0,47870327648.0,0.05470739751051381,11380570,0.46772412278022024
3130171,46064985929.0,50321755512.0,0.08838436164591086,11380520,-0.14924547197832905
3130172,29342374854.0,49716156960.0,0.5272972580358414,11410690,-0.5260983514654118
3130173,212673852.0,458315692.0,0.7677984495702039,11410700,0.054076325642632254
3130174,5678407811.0,5905967409.0,0.039292386547329,11410615,0.008355577147177431
3130175,9274318512.0,9580980961.0,0.03253085350579809,11410585,0.1360767256226117
3130176,24205132836.0,34827672299.0,0.3638475404636284,11410660,-0.0671432058801096
3130177,115906774320.0,160728000285.0,0.32692729871343623,11410640,-0.06653680433193775
3130178,4654567490.0,4089163184.0,-0.12950864478339547,11410585,0.1360767256226117
3130179,42643388826.0,45858410215.0,0.07268635879901056,11410585,0.1360767256226117
3130180,9830102963.0,10608458964.0,0.07620228987626067,11410660,-0.0671432058801096
3130181,17315120792.0,11034640313.0,-0.4505407099069124,11410555,0.18798469720066638
3130182,35886612488.0,38702268545.0,0.07553390230378547,11410520,-0.1281015799365803
3130183,60819368591.0,78698654421.0,0.25771775711024764,11440740,0.0348151952313304
3130184,4429333519.0,747961682.0,-1.7786526551529513,11440730,-0.05539286342641851
3130185,38282865129.0,46919863824.0,0.20343871106529443,11440700,-0.12156752755432802
3130186,42952335157.0,42676344589.0,-0.006446240314055407,11440690,-0.007455130154061596
3130189,2901481547.0,6647410725.0,0.8290059293695936,11440660,0.030874271485586805
3130190,65281263969.0,68805026184.0,0.05257172453228561,11440660,0.030874271485586805
3130191,103042867546.0,138403606162.0,0.2950290075142428,11440660,0.030874271485586805
3130192,714014587.0,17869870.0,-3.68778733772018,11440710,-0.207488986411827
3130194,36602508280.0,48909313356.0,0.28985106522454374,11440590,-0.1509733999285677
3130195,98971883314.0,134073576475.0,0.30355292456659966,11440585,-0.2851596749530339
3130196,12042115719.0,20476337326.0,0.5308597940609253,11440565,-0.05640427286782336
3130197,35981012435.0,32138835771.0,-0.11292623097801086,11440565,-0.05640427286782336
3130198,28649187143.0,24696119541.0,-0.1484789430975509,11440555,0.11857800829274386
3130199,660024884.0,1141285359.0,0.5476328767836056,11470580,-0.05505877403652402
3130200,2857676022.0,2928672264.0,0.02454045331642438,11470611,-0.09714982891453366
3130201,7013320465.0,5639593782.0,-0.21799922591331716,11470560,-0.1117229384702667
3130202,33094857809.0,41416101946.0,0.22429182399698797,11470560,-0.1117229384702667
3130203,19366061227.0,12828322614.0,-0.4118666820366316,11470560,-0.1117229384702667
3130204,23464598196.0,25828882563.0,0.09600051940999325,11470570,-0.3516761630431444
3130205,40873964960.0,54430994833.0,0.2864404427537181,11470610,-0.24450207935986645
3130206,9514997897.0,1352699713.0,-1.9507668967839127,11470640,0.002159030486370404
3130207,14401093922.0,14400234031.0,-5.9711899510944616e-05,11470620,-0.27995508158736365
3130208,58365746146.0,68179573991.0,0.1554158392343777,11470530,-0.02501180467093323
3130209,22995756655.0,22602885315.0,-0.017232138712723336,11470540,-0.012410788685581337
3130210,40441676814.0,44029165584.0,0.08499141097330244,11470520,-0.0674387207211712
3130211,1550931823.0,1238241736.0,-0.22516350789725967,11470630,0.10720751853079673
3130212,2275001898.0,2110213870.0,-0.0751915841473283,11500640,-0.06821909089461474
3130213,24568879961.0,29643819609.0,0.18777305896454546,11500630,0.019039371488755223
3130214,52853495894.0,69910477857.0,0.2796916782147871,11500611,-0.03254992874708681
3130216,26905902777.0,21089599824.0,-0.24356567699415585,11500540,-0.10016642953103722
3130217,31331714421.0,31903767853.0,0.01809329247774171,11500590,-0.057141050759213066
3130218,3535301379.0,3392533357.0,-0.041221606192505554,11500535,0.07888849285472187
3130219,73468838201.0,68213814630.0,-0.07421424136967317,11500593,0.334967747664379
3130220,729811057.0,986898004.0,0.30178102006743346,11500520,-0.10213345171663742
3130221,84669064375.0,81221597964.0,-0.041569100760926674,11500570,-0.1559507509542124
3130222,14861560243.0,12660609590.0,-0.16028246351640818,11530770,0.2732843854397766
3130223,43697919432.0,49425336126.0,0.12316267904550779,11530730,-0.18864720566598703
3130224,574512920.0,559404058.0,-0.026650551214431346,11530730,-0.18864720566598703
3130225,43399727527.0,40671933884.0,-0.06491489349129215,11530750,-0.084582352245951
3130226,3072239356.0,2859432292.0,-0.07178362178729646,11530720,0.00464969867484399
3130227,25000789691.0,22527276036.0,-0.10418056873614774,11530720,0.00464969867484399
3130228,6050539808.0,7356013691.0,0.19537067541678835,11530550,-0.007751601877699609
3130229,88574162773.0,107861607239.0,0.19700879243187286,11530550,-0.007751601877699609
3130230,9529681634.0,7358158329.0,-0.25860163600172653,11530595,-0.11256284589540239
3130231,729503978259.0,724248615957.0,-0.007230095707134615,11545610,0.26383011300002307
3130232,15477239761.0,14791984708.0,-0.04528508196730666,11545640,0.009569423215823573
3130233,34790844296.0,27822473513.0,-0.22351016335664506,11545630,-0.28387590113105565
3130235,81145758262.0,78180785691.0,-0.03722311217150753,11545670,-0.027013023753834013
3130236,102586697837.0,107487834488.0,0.04666939999051024,11545670,-0.027013023753834013
3130238,26634325782.0,24433004992.0,-0.0862659449336609,11545710,-0.16435640162324627
3130240,28707257962.0,21569930086.0,-0.28584976232134146,11560550,0.03762543903649663
3130241,30798632698.0,35003740654.0,0.1279846355351147,11560620,-0.11120007674312456
3130242,14860275257.0,19632335772.0,0.2784864286536929,11560710,-0.038708158765056344
3130244,30820523283.0,31655191040.0,0.026721340612922286,11560710,-0.038708158765056344
3130245,121234393975.0,137897142001.0,0.12878224737929708,11560605,-0.07228466048525331
3130246,594160944531.0,514320810346.0,-0.1443030176511764,11560550,0.03762543903649663
3130247,7260709443.0,11933790923.0,0.4968964060222076,11560700,-0.19899805915344249
3130248,114424647362.0,182864469851.0,0.468828771844812,11560515,0.037307194511980106
3130249,1892146374.0,4013691105.0,0.7519994606727983,11560535,-0.11857453234509444
3130250,735831395.0,1688496187.0,0.8305925720007695,11560535,-0.11857453234509444
3130253,10166728003.0,5375406685.0,-0.637286194531966,11560535,-0.11857453234509444
3130255,44029904426.0,70744647317.0,0.47420782825550933,11560535,-0.11857453234509444
3130256,1378137459.0,695462656.0,-0.6839108829621331,11560650,0.0042415477690667565
3130257,7628666524.0,6325149854.0,-0.1873793358610828,11560535,-0.11857453234509444
3130258,15400760389.0,15228687002.0,-0.011235932212560716,11560680,-0.10398970083385523
3130259,191690313.0,197787428.0,0.031311741324553014,11560630,0.06245285095824433
3130260,21060500258.0,23196101646.0,0.09658497168839239,11590670,0.1544794937640224
3130261,69768922786.0,116876953635.0,0.5159330247319934,11590550,-0.0886326073079656
3130262,5240615032.0,1755945250.0,-1.0934315480530539,11590540,-0.10817456804018029
3130263,4629278791.0,4852793946.0,0.04715352314176466,11590520,-0.28160016524589326
3130264,1270900535.0,2237440033.0,0.5656066380465459,11590560,-0.1357084113039368
3130265,12414058863.0,10647567563.0,-0.1534981414145587,11590510,-0.0036506706094186704
3130266,6189051881.0,7472774233.0,0.18848440796744734,11590510,-0.0036506706094186704
3130267,408214208.0,293693499.0,-0.3292553531092966,11590510,-0.0036506706094186704
3130268,26780344703.0,22376761646.0,-0.17964521799436192,11590530,-0.024421277020877305
3130269,1437311419.0,1040412379.0,-0.323157145471103,11590530,-0.024421277020877305
3130270,3084511416.0,3335456557.0,0.07821629790171364,11590605,-0.008118110365933871
3130271,49633284087.0,62787838700.0,0.23509974462889793,11590650,-0.0013158414118128138
3130272,2008077110.0,1131627640.0,-0.5735206167475333,11590650,-0.0013158414118128138
3130273,110243601029.0,126174975386.0,0.1349771650587935,11590630,0.03919228589479616
3130274,37548984028.0,57098904262.0,0.4191386053376908,11590620,-0.17092963890509472
3130275,13673839618.0,17031945870.0,0.2196062590027326,11620725,0.08645978754071462
3130276,1019993600.0,589833293.0,-0.5477116890123205,11620725,0.08645978754071462
3130277,3244976987.0,2743210120.0,-0.16797944701535414,11620725,0.08645978754071462
3130278,8635414354.0,7138657124.0,-0.1903470150641176,11620765,-0.11452600516024143
3130279,26647786350.0,26556668017.0,-0.00342521780058868,11620685,-0.05094257113930983
3130281,2489018430.0,1327654925.0,-0.6284742562822075,11620775,-0.08497736361482651
3130282,497329846.0,493938085.0,-0.006843304681806418,11620775,-0.08497736361482651
3130283,24450793405.0,35376732195.0,0.36939165591104695,11620655,-0.050062390670309355
3130284,523154451.0,525717646.0,0.004887536068121092,11620655,-0.050062390670309355
3130285,87935771366.0,111405943216.0,0.23657399915160301,11620645,-0.04517839324769439
3130287,9881830225.0,10091777020.0,0.02102319575691976,11620745,-0.1545176113588105
3130288,243620110.0,541687174.0,0.7990785792768015,11620665,-0.009689502501259585
3130289,1066138564.0,3045340132.0,1.0495692944429629,11620605,-0.008898169026803439
3130290,103719527284.0,89459676076.0,-0.1479024259261114,11620595,0.035556090609426695
3130291,287541698.0,247306985.0,-0.15073746706737592,11620595,0.035556090609426695
3130292,8372866850.0,6686288013.0,-0.22493747669408254,11620605,-0.008898169026803439
3130293,3221490834.0,5322017236.0,0.502008166848254,11620615,-0.17560143298300177
3130294,32300388505.0,31557309460.0,-0.023274017415583947,11620575,-0.03196472212975428
3130295,59892192433.0,61889847815.0,0.0328100035184252,11620625,-0.03496842029523245
3130296,1162843908.0,37714626.0,-3.4285759517721526,11650590,-0.171413070567507
3130301,4514528657.0,5823187043.0,0.25454692724062744,11650651,0.023708690413233424
3130302,5893730323.0,6475819217.0,0.09418599080998488,11680510,-0.03703664290218109
3130303,111591319396.0,115169757261.0,0.031563926288373303,11680521,-0.06114045773328339
3130304,1576677742.0,1561864684.0,-0.009439520632058246,11680545,-0.07099052933101031
3130306,18173849409.0,19684808733.0,0.0798634927946473,11680640,-0.04926960140356556
3130307,10116929342.0,11601654644.0,0.13693753655092045,11680650,0.09025852260722966
3130308,6459180486.0,8636886338.0,0.29053969032326527,11680565,-0.10951872193235443
3130310,52324503101.0,56247750094.0,0.07230127006622927,11680670,0.4567317193943914
3130311,116849379709.0,131967303388.0,0.12166843776459195,11710650,0.010423863358651185
3130312,65219920762.0,79778917357.0,0.20149432060283776,11710600,-0.27538213728033467
3130313,72700137774.0,73559122784.0,0.011746194847446738,11710562,0.024188407427306227
3130314,32141389936.0,34526187206.0,0.07157347988252914,11710510,-0.0800566038712188
3130315,89109364802.0,59046982061.0,-0.411531000212375,11710620,0.020581930364886383
3130316,17648582241.0,17065533524.0,-0.03359460776904811,11710550,-0.17938184769436322
3130317,37933278178.0,34939531788.0,-0.08220987485783818,11710550,-0.17938184769436322
3130318,112935019981.0,149711908006.0,0.28190022516528723,11740610,0.0274510779246685
3130319,20051395200.0,17563087384.0,-0.13249934547950074,11740650,-0.0737777826394253
3130320,54555398371.0,63390090984.0,0.15009088632944692,11740570,-0.04770848303443076
3130321,1966020783.0,1679655171.0,-0.15742307588941887,11740640,-0.09589574066584787
3130322,16331013878.0,8940940156.0,-0.6024252453693827,11740620,-0.029789032732868218
3130323,51739354379.0,56189563482.0,0.08251233798674586,11740660,0.03837940348771079
3130324,22678081724.0,26502302993.0,0.15583273940043904,11740685,0.12545883899875368
3130325,17416780424.0,13294771553.0,-0.2700632920555685,11740530,-0.1213292608405525
3130326,46452141168.0,59106237654.0,0.2409139025166818,11740560,0.09611225875409816
3130327,75345179723.0,69035046470.0,-0.08746565569669873,11140615,-0.15739297086508142
